,Mean,SE,lower_q,upper_q
Cindex,0.848796473209434,0.003153242019259763,0.8432513794178282,0.8559791583482449
IBS,0.05947981650251741,0.0026364673247722265,0.05686199313997063,0.06965348858343101
