"","Mean","SE","lower_q","upper_q"
"Cindex",0.817820896595143,0.00351982131730924,0.809879374290408,0.823028991151211
"IBS",0.0686469200879426,0.00124995187762596,0.06667204363925,0.071171441873797
